{
  "apikey": "aJC5Aw2rfovc4GGLJ9IPeHku4tk0ljlNpgrKl_grs7yU",
  "iam_apikey_description": "Auto-generated for key a94589e7-3683-46a0-8e9c-a49e5a81fffe",
  "iam_apikey_name": "Auto-generated service credentials",
  "iam_role_crn": "crn:v1:bluemix:public:iam::::serviceRole:Manager",
  "iam_serviceid_crn": "crn:v1:bluemix:public:iam-identity::a/0f21a86d246f4bb5998d446249fbb89c::serviceid:ServiceId-c29ae2aa-dd61-4e4c-9a27-cf774cdc3a84",
  "url": "https://gateway.watsonplatform.net/natural-language-understanding/api"
}
